"Month","Type","Campus","Family","Title","InPeriod"
"2025-12","Building","EC","Storage rooms","Storage Room Lights","False"
"2025-12","Building","EC","Warehouse","Warehouse","False"
"2025-12","Building","WC","Lobby & halls","Lobby Area/Halls Lighting","False"
"2025-12","Building","WC","Sanctuary","Sanctuary Lights","False"
"2025-12","Building","WC","Restrooms","Restroom Mirrors","False"
"2026-01","EnvClimate","CL","ENV","Environmental/Climate Inspect Meeting Rooms","True"
"2026-01","EnvClimate","CL","ENV","Environmental/Climate Insp Kitchen/Health Clinic","True"
"2026-01","Building","MC","Class & conference rooms","Class and Conference Room Door Frames","True"
"2026-01","Building","MC","Restrooms","Restroom Ceilings","True"
"2026-01","Building","MC","Stairwells","Stairwell Walls","True"
"2026-01","EnvClimate","MC","ENV","Environmental/Climate Inspect Sanctuary/Warehouse","True"
"2026-01","Building","MC","Storage rooms","Storage Room Trash","True"
"2026-01","Building","MC","Restrooms","Restroom Walls","True"
"2026-01","Building","MC","Restrooms","Restroom Urinals","True"
"2026-01","Building","MC","Restrooms","Restroom Toilets","True"
"2026-01","Building","MC","Elevators","Elevator Floors","True"
"2026-01","Building","MC","Sanctuary","Sanctuary Accessories","True"
"2026-01","Building","MC","Sanctuary","Sanctuary Carpet","True"
"2026-01","Building","MC","Lobby & halls","Lobby Area/Halls Floors","True"
"2026-01","Building","MC","Restrooms","Restroom Baseboards","True"
"2026-01","Building","WC","Sanctuary","Sanctuary Chairs","True"
"2026-01","EnvClimate","WC","ENV","Environmental/Climate Inspect Sanctuary/Warehouse","True"
"2026-01","Building","WC","Elevators","Elevator Doors/Walls","True"
"2026-01","Building","WC","Lobby & halls","Lobby Area/Halls Lighting","True"
"2026-01","Building","WC","Entrance areas","Entrance Area Glass/Ledges","True"
"2026-01","Building","WC","Exterior & grounds","Exterior Parking Lot/Other Paved Surfaces","True"
"2026-01","Building","WC","Exterior & grounds","Exterior Playground","True"
"2026-01","Building","WC","Lobby & halls","Lobby Area/Halls Floors","True"
"2026-02","EnvClimate","CL","ENV","Environmental/Climate Inspect Meeting Rooms","True"
"2026-02","EnvClimate","CL","ENV","Environmental/Climate Inspect Meeting Rooms","True"
"2026-02","Building","EC","Exterior & grounds","Exterior Parking Lot/Other Paved Surfaces","True"
"2026-02","Building","EC","Lobby & halls","Lobby Area/Halls Floors","True"
"2026-02","Building","EC","Warehouse","Warehouse","True"
"2026-02","Building","MC","Exterior & grounds","Exterior Doors","True"
"2026-02","Building","MC","Exterior & grounds","Exterior Sidewalks","True"
"2026-02","Building","MC","Elevators","Elevator Floors","True"
"2026-02","Building","MC","Stairwells","Stairwell Steps","True"
"2026-02","Building","MC","Class & conference rooms","Class and Conference Room Accessories","True"
"2026-02","Building","MC","Restrooms","Restroom Walls","True"
"2026-02","Building","MC","Sanctuary","Sanctuary Walls","True"
"2026-02","Building","MC","Sanctuary","Sanctuary Carpet","True"
"2026-02","Building","MC","Entrance areas","Entrance Area Floor/Mats","True"
"2026-02","Building","MC","Exterior & grounds","Exterior Sidewalks","True"
"2026-02","Building","MC","Restrooms","Restroom Walls","True"
"2026-02","Building","MC","Exterior & grounds","Exterior Fencing","True"
"2026-02","Building","MC","Stairwells","Stairwell Walls","True"
"2026-02","Building","MC","Exterior & grounds","Exterior Fencing","True"
"2026-02","Building","MC","Electrical & mechanical","Electrical/Mechanical Room Trash","True"
"2026-02","Building","MC","Exterior & grounds","Exterior Sidewalks","True"
"2026-02","Building","MC","Exterior & grounds","Exterior Parking Lot/Other Paved Surfaces","True"
"2026-02","Building","MC","Class & conference rooms","Class and Conference Room Accessories","True"
"2026-02","Building","MC","Lobby & halls","Lobby Area/Halls Drinking Fountains","True"
"2026-02","Building","MC","Sanctuary","Sanctuary Carpet","True"
"2026-02","Building","MC","Elevators","Elevator Floors","True"
"2026-02","Building","MC","Restrooms","Restroom Toilets","True"
"2026-02","Building","MC","Electrical & mechanical","Electrical/Mechanical Room Water Leaks","True"
"2026-02","Building","MC","Storage rooms","Storage Room Trash","True"
"2026-02","Building","WC","Exterior & grounds","Exterior Sidewalks","True"
"2026-02","Building","WC","Class & conference rooms","Class and Conference Room Walls","True"
"2026-02","Building","WC","Restrooms","Restroom Partitions","True"
"2026-02","Building","WC","Lobby & halls","Lobby Area/Halls Lighting","True"
"2026-02","Building","WC","Exterior & grounds","Exterior Fencing","True"
"2026-02","Building","WC","Entrance areas","Entrance Area Glass/Ledges","True"
"2026-02","Building","WC","Stairwells","Stairwell Walls","True"
"2026-02","Building","WC","Exterior & grounds","Exterior Parking Lot/Other Paved Surfaces","True"
"2026-02","Building","WC","Exterior & grounds","Exterior Doors","True"
"2026-02","Building","WC","Exterior & grounds","Exterior Parking Lot/Other Paved Surfaces","True"
"2026-02","Building","WC","Exterior & grounds","Exterior Fencing","True"
"2026-02","Building","WC","Exterior & grounds","Exterior Sidewalks","True"
"2026-02","Building","WC","Exterior & grounds","Exterior Fencing","True"
"2026-02","Building","WC","Lobby & halls","Lobby Area/Halls Lighting","True"
"2026-02","Building","WC","Exterior & grounds","Exterior Parking Lot/Other Paved Surfaces","True"
"2026-02","Building","WC","Sanctuary","Sanctuary Chairs","True"
"2026-02","Building","WC","Sanctuary","Sanctuary Lights","True"
"2026-02","Building","WC","Exterior & grounds","Exterior Parking Lot/Other Paved Surfaces","True"
"2026-02","Building","WC","Exterior & grounds","Exterior Doors","True"
"2026-02","Building","WC","Lobby & halls","Lobby Area/Halls Lighting","True"
"2026-03","EnvClimate","CL","ENV","Environmental/Climate Inspection CLC/Courts","True"
"2026-03","Building","EC","Warehouse","Warehouse","True"
"2026-03","Building","EC","Exterior & grounds","Exterior Parking Lot/Other Paved Surfaces","True"
"2026-03","Building","EC","Warehouse","Warehouse","True"
"2026-03","Building","EC","Exterior & grounds","Exterior Parking Lot/Other Paved Surfaces","True"
"2026-03","Building","EC","Exterior & grounds","Exterior Parking Lot/Other Paved Surfaces","True"
"2026-03","Building","EC","Exterior & grounds","Exterior Parking Lot/Other Paved Surfaces","True"
"2026-03","Building","EC","Exterior & grounds","Exterior Parking Lot/Other Paved Surfaces","True"
"2026-03","Building","EC","Warehouse","Warehouse","True"
"2026-03","Building","EC","Warehouse","Warehouse","True"
"2026-03","Building","EC","Exterior & grounds","Exterior Parking Lot/Other Paved Surfaces","True"
"2026-03","Building","MC","Class & conference rooms","Class and Conference Room Accessories","True"
"2026-03","Building","MC","Restrooms","Restroom Walls","True"
"2026-03","Building","MC","Elevators","Elevator Floors","True"
"2026-03","Building","MC","Sanctuary","Sanctuary Walls","True"
"2026-03","Building","MC","Restrooms","Restroom Floors","True"
"2026-03","Building","MC","Stairwells","Stairwell Steps","True"
"2026-03","Building","MC","Restrooms","Restroom Walls","True"
"2026-03","Building","MC","Exterior & grounds","Exterior Policing/Security/Check","True"
"2026-03","Building","MC","Entrance areas","Entrance Area Floor/Mats","True"
"2026-03","Building","MC","Restrooms","Restroom Urinals","True"
"2026-03","Building","MC","Exterior & grounds","Exterior Playground","True"
"2026-03","Building","MC","Sanctuary","Sanctuary Walls","True"
"2026-03","Building","MC","Exterior & grounds","Exterior Parking Lot/Other Paved Surfaces","True"
"2026-03","Building","MC","Restrooms","Restroom Vents","True"
"2026-03","Building","MC","Cafeteria","Cafeteria Vents","True"
"2026-03","Building","MC","Lobby & halls","Lobby Area/Halls Baseboards","True"
"2026-03","Building","MC","Class & conference rooms","Class and Conference Room Door Frames","True"
"2026-03","Building","MC","Stairwells","Stairwell Walls","True"
"2026-03","Building","MC","Stairwells","Stairwell Steps","True"
"2026-03","Building","MC","Sanctuary","Sanctuary Carpet","True"
"2026-03","Building","WC","Exterior & grounds","Exterior Windows","True"
"2026-03","Building","WC","Exterior & grounds","Exterior Parking Lot/Other Paved Surfaces","True"
"2026-03","Building","WC","Entrance areas","Entrance Area Glass/Ledges","True"
"2026-03","Building","WC","Lobby & halls","Lobby Area/Halls Floors","True"
"2026-03","Building","WC","Lobby & halls","Lobby Area/Halls Lighting","True"
"2026-03","Building","WC","Sanctuary","Sanctuary Carpet","True"
"2026-03","Building","WC","Stairwells","Stairwell Walls","True"
"2026-03","Building","WC","Exterior & grounds","Exterior Sidewalks","True"
"2026-03","EnvClimate","WC","ENV","Environmental/Climate Inspect Meeting Rooms","True"
"2026-03","Building","WC","Sanctuary","Sanctuary Chairs","True"
"2026-03","Building","WC","Electrical & mechanical","Electrical/Mechanical Room Trash","True"
"2026-03","Building","WC","Class & conference rooms","Class and Conference Room Waste Cans","True"
"2026-03","Building","WC","Restrooms","Restroom Walls","True"
"2026-03","Building","WC","Exterior & grounds","Exterior Fencing","True"
"2026-03","Building","WC","Exterior & grounds","Exterior Sidewalks","True"
"2026-03","EnvClimate","WC","ENV","Environmental/Climate Inspect Sanctuary/Warehouse","True"
"2026-04","EnvClimate","CL","ENV","Environmental/Climate Inspection CLC/Courts","True"
"2026-04","EnvClimate","CL","ENV","Environmental/Climate Inspect Meeting Rooms","True"
"2026-04","EnvClimate","CL","ENV","Environmental/Climate Inspect Meeting Rooms","True"
"2026-04","Building","EC","Fire & safety","Fire & Safety Compliance","True"
"2026-04","Building","EC","Exterior & grounds","Exterior Policing/Security/Check","True"
"2026-04","Building","EC","Fire & safety","Fire & Safety Compliance","True"
"2026-04","Building","EC","Fire & safety","Fire & Safety Compliance","True"
"2026-04","Building","EC","Fire & safety","Fire & Safety Compliance","True"
"2026-04","Building","EC","Exterior & grounds","Exterior Policing/Security/Check","True"
"2026-04","Building","EC","Exterior & grounds","Exterior Policing/Security/Check","True"
"2026-04","Building","EC","Exterior & grounds","Exterior Policing/Security/Check","True"
"2026-04","Building","EC","Exterior & grounds","Exterior Policing/Security/Check","True"
"2026-04","Building","EC","Exterior & grounds","Exterior Parking Lot/Other Paved Surfaces","True"
"2026-04","Building","EC","Exterior & grounds","Exterior Policing/Security/Check","True"
"2026-04","Building","EC","Fire & safety","Fire & Safety Compliance","True"
"2026-04","Building","MC","Exterior & grounds","Exterior Playground","True"
"2026-04","Building","MC","Exterior & grounds","Exterior Sidewalks","True"
"2026-04","Building","MC","Exterior & grounds","Exterior Policing/Security/Check","True"
"2026-04","Building","MC","Sanctuary","Sanctuary Carpet","True"
"2026-04","Building","MC","Sanctuary","Sanctuary Walls","True"
"2026-04","Building","MC","Exterior & grounds","Exterior Parking Lot/Other Paved Surfaces","True"
"2026-04","Building","MC","Restrooms","Restroom Partitions","True"
"2026-04","Building","MC","Restrooms","Restroom Sinks","True"
"2026-04","Building","MC","Elevators","Elevator Lighting","True"
"2026-04","Building","MC","Sanctuary","Sanctuary Carpet","True"
"2026-04","Building","MC","Exterior & grounds","Exterior Parking Lot/Other Paved Surfaces","True"
"2026-04","Building","MC","Stairwells","Stairwell Steps","True"
"2026-04","Building","MC","Class & conference rooms","Class and Conference Room Door Frames","True"
"2026-04","Building","MC","Stairwells","Stairwell Railings","True"
"2026-04","Building","MC","Class & conference rooms","Class and Conference Room Door Frames","True"
"2026-04","Building","MC","Stairwells","Stairwell Railings","True"
"2026-04","Building","MC","Class & conference rooms","Class and Conference Room Walls","True"
"2026-04","Building","MC","Restrooms","Restroom Floors","True"
"2026-04","EnvClimate","WC","ENV","Environmental/Climate Inspect Sanctuary/Warehouse","True"
"2026-04","EnvClimate","WC","ENV","Environmental/Climate Inspect Sanctuary/Warehouse","True"
"2026-04","Building","WC","Stairwells","Stairwell Walls","True"
"2026-04","Building","WC","Restrooms","Restroom Dispensers","True"
"2026-04","Building","WC","Restrooms","Restroom Waste Cans","True"
"2026-04","Building","WC","Cafeteria","Cafeteria Waste Cans","True"
"2026-04","Building","WC","Elevators","Elevator Floors","True"
"2026-04","Building","WC","Sanctuary","Sanctuary Waste Cans","True"
"2026-04","Building","WC","Entrance areas","Entrance Area Floor/Mats","True"
"2026-04","Building","WC","Exterior & grounds","Exterior Parking Lot/Other Paved Surfaces","True"
"2026-04","Building","WC","Exterior & grounds","Exterior Doors","True"
"2026-05","Building","MC","Stairwells","Stairwell Steps","True"
"2026-05","Building","MC","Sanctuary","Sanctuary Walls","True"
"2026-05","Building","MC","Sanctuary","Sanctuary Carpet","True"
"2026-05","Building","MC","Exterior & grounds","Exterior Sidewalks","True"
"2026-05","Building","MC","Storage rooms","Storage Room Trash","True"
"2026-05","Building","MC","Lobby & halls","Lobby Area/Halls Floors","True"
"2026-05","Building","MC","Stairwells","Stairwell Steps","True"
"2026-05","Building","MC","Exterior & grounds","Exterior Sidewalks","True"
"2026-05","Building","MC","Lobby & halls","Lobby Area/Halls Floors","True"
"2026-05","Building","MC","Exterior & grounds","Exterior Parking Lot/Other Paved Surfaces","True"
"2026-05","Building","MC","Stairwells","Stairwell Walls","True"
"2026-05","Building","MC","Exterior & grounds","Exterior Sidewalks","True"
"2026-05","Building","MC","Restrooms","Restroom Walls","True"
"2026-05","Building","MC","Stairwells","Stairwell Steps","True"
"2026-05","Building","MC","Sanctuary","Sanctuary Walls","True"
"2026-05","Building","MC","Lobby & halls","Lobby Area/Halls Floors","True"
"2026-05","Building","MC","Class & conference rooms","Class and Conference Room Floors","True"
"2026-05","Building","MC","Class & conference rooms","Class and Conference Room Miscellaneous Furniture","True"
"2026-05","Building","MC","Stairwells","Stairwell Railings","True"
"2026-05","Building","MC","Lobby & halls","Lobby Area/Halls Furniture","True"
"2026-05","Building","MC","Entrance areas","Entrance Area Glass/Ledges","True"
"2026-05","Building","MC","Class & conference rooms","Class and Conference Room Walls","True"
"2026-05","Building","WC","Sanctuary","Sanctuary Chairs","True"
"2026-05","Building","WC","Offices","Offices","True"
"2026-05","Building","WC","Class & conference rooms","Class and Conference Room White Boards","True"
"2026-05","Building","WC","Stairwells","Stairwell Walls","True"
"2026-05","Building","WC","Stairwells","Stairwell Landings","True"
"2026-05","Building","WC","Exterior & grounds","Exterior Parking Lot/Other Paved Surfaces","True"
"2026-05","EnvClimate","WC","ENV","Environmental/Climate Inspect Sanctuary/Warehouse","True"
"2026-05","EnvClimate","WC","ENV","Environmental/Climate Inspect Meeting Rooms","True"
"2026-05","EnvClimate","WC","ENV","Environmental/Climate Inspection Offices","True"
"2026-05","Building","WC","Exterior & grounds","Exterior Parking Lot/Other Paved Surfaces","True"
"2026-05","Building","WC","Lobby & halls","Lobby Area/Halls Floors","True"
"2026-05","Building","WC","Lobby & halls","Lobby Area/Halls Lighting","True"
"2026-05","Building","WC","Stairwells","Stairwell Steps","True"
"2026-05","Building","WC","Exterior & grounds","Exterior Windows","True"
"2026-05","Building","WC","Restrooms","Restroom Lighting","True"
"2026-06","Building","MC","Exterior & grounds","Exterior Policing/Security/Check","True"
"2026-06","Building","MC","Class & conference rooms","Class and Conference Room Door Frames","True"
"2026-06","Building","MC","Stairwells","Stairwell Walls","True"
"2026-06","Building","MC","Stairwells","Stairwell Railings","True"
"2026-06","Building","MC","Electrical & mechanical","Electrical/Mechanical Room Trash","True"
"2026-06","Building","MC","Cafeteria","Cafeteria Dispensers (soap, paper towels)","True"
"2026-06","Building","MC","Sanctuary","Sanctuary Carpet","True"
"2026-06","Building","MC","Class & conference rooms","Class and Conference Room Walls","True"
"2026-06","Building","MC","Stairwells","Stairwell Walls","True"
"2026-06","Building","MC","Elevators","Elevator Floors","True"
"2026-06","Building","MC","Sanctuary","Sanctuary Carpet","True"
"2026-06","Building","MC","Exterior & grounds","Exterior Playground","True"
"2026-06","Building","MC","Exterior & grounds","Exterior Sidewalks","True"
"2026-06","Building","SB","Lobby & halls","Lobby Area/Halls Floors","True"
"2026-06","EnvClimate","WC","ENV","Environmental/Climate Inspection Offices","True"
"2026-06","EnvClimate","WC","ENV","Environmental/Climate Inspect Meeting Rooms","True"
"2026-06","EnvClimate","WC","ENV","Environmental/Climate Inspection Offices","True"
"2026-06","EnvClimate","WC","ENV","Environmental/Climate Inspect Meeting Rooms","True"
"2026-06","Building","WC","Class & conference rooms","Class and Conference Room Door Frames","True"
"2026-06","Building","WC","Restrooms","Restroom Mirrors","True"
"2026-06","Building","WC","Entrance areas","Entrance Area Glass/Ledges","True"
"2026-06","Building","WC","Lobby & halls","Lobby Area/Halls Lighting","True"
"2026-06","EnvClimate","WC","ENV","Environmental/Climate Inspect Meeting Rooms","True"
"2026-07","Building","MC","Sanctuary","Sanctuary Carpet","False"
"2026-07","Building","MC","Exterior & grounds","Exterior Doors","False"
"2026-07","Building","MC","Stairwells","Stairwell Railings","False"
"2026-07","Building","MC","Exterior & grounds","Exterior Sidewalks","False"
"2026-07","Building","MC","Stairwells","Stairwell Walls","False"
"2026-07","Building","WC","Lobby & halls","Lobby Area/Halls Lighting","False"
